,pred,pred_proba
0,0,0.0013541031923644089
1,0,0.0013541031923644089
2,0,0.0013541031923644089
3,1,0.9990586380118426
4,1,0.9990586380118426
5,0,0.0013541031923644089
6,0,0.0013541031923644089
7,0,0.0013541031923644089
8,0,0.0013541031923644089
9,0,0.0013541031923644089
10,0,0.0013541031923644089
11,1,0.9990586380118426
12,0,0.00473609435919771
13,1,0.9990586380118426
14,0,0.0013541031923644089
15,1,0.9990586380118426
16,1,0.9990586380118426
17,1,0.9990586380118426
18,0,0.0013541031923644089
19,1,0.9990586380118426
20,0,0.0013541031923644089
21,0,0.0013541031923644089
22,0,0.0013541031923644089
23,1,0.9990586380118426
24,0,0.0013541031923644089
25,1,0.9990586380118426
26,0,0.0013541031923644089
27,0,0.0013541031923644089
28,0,0.0013541031923644089
29,0,0.0013541031923644089
30,0,0.0013541031923644089
31,0,0.0013541031923644089
32,0,0.0013541031923644089
33,1,0.9967041018977133
34,0,0.0013541031923644089
35,0,0.0013541031923644089
36,0,0.0013541031923644089
37,1,0.9990586380118426
38,0,0.0013541031923644089
39,0,0.004415008996783617
40,0,0.0013541031923644089
41,0,0.0013541031923644089
42,1,0.9990586380118426
43,0,0.0013541031923644089
44,0,0.0033994652141653542
45,0,0.0013541031923644089
46,0,0.0013541031923644089
47,1,0.9990586380118426
48,0,0.0013541031923644089
49,0,0.0013541031923644089
50,1,0.9990586380118426
51,1,0.9990586380118426
52,0,0.0013541031923644089
53,0,0.004415008996783617
54,0,0.0013541031923644089
55,0,0.0013541031923644089
56,1,0.9990586380118426
57,1,0.9990586380118426
58,1,0.9990586380118426
59,1,0.9990586380118426
60,0,0.0013541031923644089
61,1,0.9990586380118426
62,0,0.0013541031923644089
63,0,0.0033994652141653542
64,1,0.9735142603269309
65,0,0.0013541031923644089
66,1,0.9990586380118426
67,0,0.0013541031923644089
68,1,0.9990586380118426
69,0,0.0013541031923644089
70,1,0.996927849981777
71,0,0.0013541031923644089
72,0,0.0013541031923644089
73,1,0.9990586380118426
74,1,0.9990586380118426
75,1,0.9990586380118426
76,0,0.0013541031923644089
77,0,0.0013541031923644089
78,1,0.9990586380118426
79,0,0.0013541031923644089
80,0,0.0013541031923644089
81,1,0.9990586380118426
82,0,0.0013541031923644089
83,0,0.0013541031923644089
84,0,0.0013541031923644089
85,0,0.0013541031923644089
86,0,0.0013541031923644089
87,1,0.9990586380118426
88,0,0.0013541031923644089
89,0,0.0013541031923644089
90,1,0.9990586380118426
91,0,0.0013541031923644089
92,0,0.0013541031923644089
93,0,0.0013541031923644089
94,1,0.9990586380118426
95,0,0.0013541031923644089
96,0,0.0013541031923644089
97,0,0.0013541031923644089
98,0,0.0013541031923644089
99,1,0.9990586380118426
100,1,0.9990586380118426
101,0,0.0013541031923644089
102,1,0.9990586380118426
103,1,0.9990586380118426
104,0,0.0013541031923644089
105,0,0.0013541031923644089
106,0,0.0013541031923644089
107,0,0.0013541031923644089
108,0,0.0013541031923644089
109,0,0.0013541031923644089
110,0,0.0013541031923644089
111,0,0.0013541031923644089
112,0,0.0013541031923644089
113,0,0.0013541031923644089
114,1,0.9990586380118426
115,1,0.9990586380118426
116,0,0.0013541031923644089
117,1,0.9990586380118426
118,0,0.0013541031923644089
119,0,0.0013541031923644089
120,1,0.9990586380118426
121,1,0.9990586380118426
122,0,0.0013541031923644089
123,0,0.0013541031923644089
124,0,0.0013541031923644089
125,0,0.0013541031923644089
126,0,0.0013541031923644089
127,0,0.0013541031923644089
128,1,0.8847542904072025
129,0,0.0013541031923644089
130,0,0.0033994652141653542
131,1,0.9917499051049197
132,1,0.9990586380118426
133,0,0.0013541031923644089
134,0,0.0013541031923644089
135,0,0.0013541031923644089
136,0,0.0013541031923644089
137,0,0.00473609435919771
138,0,0.0013541031923644089
139,0,0.0013541031923644089
140,1,0.9990586380118426
141,0,0.0013541031923644089
142,0,0.0013541031923644089
143,0,0.0013541031923644089
144,0,0.0013541031923644089
145,0,0.0013541031923644089
146,0,0.0013541031923644089
147,0,0.00473609435919771
148,0,0.0013541031923644089
149,0,0.0013541031923644089
150,0,0.0013541031923644089
151,0,0.0013541031923644089
152,0,0.0013541031923644089
153,0,0.0033994652141653542
154,0,0.0013541031923644089
155,0,0.0013541031923644089
156,0,0.00473609435919771
157,0,0.0013541031923644089
158,0,0.0013541031923644089
159,0,0.0013541031923644089
160,1,0.9990586380118426
161,0,0.0013541031923644089
162,0,0.0013541031923644089
163,1,0.9990586380118426
164,0,0.0013541031923644089
165,0,0.0013541031923644089
166,0,0.0013541031923644089
167,0,0.0013541031923644089
168,1,0.996927849981777
169,0,0.0013541031923644089
170,0,0.0013541031923644089
171,1,0.9990586380118426
172,0,0.0013541031923644089
173,0,0.0013541031923644089
174,0,0.0013541031923644089
175,0,0.0013541031923644089
176,0,0.0013541031923644089
177,0,0.0013541031923644089
178,1,0.9990586380118426
179,0,0.0013541031923644089
180,0,0.0013541031923644089
181,0,0.0013541031923644089
182,0,0.0013541031923644089
183,0,0.0013541031923644089
184,0,0.0013541031923644089
185,0,0.0013541031923644089
186,0,0.0013541031923644089
187,0,0.0013541031923644089
188,0,0.0013541031923644089
189,0,0.0013541031923644089
190,0,0.0013541031923644089
191,0,0.0013541031923644089
192,1,0.9990586380118426
193,1,0.9990586380118426
194,0,0.0013541031923644089
195,0,0.0013541031923644089
196,1,0.9990586380118426
197,1,0.8847542904072025
198,1,0.9990586380118426
199,0,0.0013541031923644089
200,0,0.00473609435919771
201,0,0.0013541031923644089
202,0,0.0013541031923644089
203,1,0.9990586380118426
204,0,0.0013541031923644089
205,0,0.0013541031923644089
206,0,0.0013541031923644089
207,0,0.0013541031923644089
208,0,0.0013541031923644089
209,0,0.0013541031923644089
210,1,0.9990586380118426
211,1,0.9990586380118426
212,1,0.9990586380118426
213,0,0.0013541031923644089
214,0,0.0013541031923644089
215,0,0.0013541031923644089
216,0,0.0013541031923644089
217,1,0.9990586380118426
218,0,0.0013541031923644089
219,1,0.9990586380118426
220,0,0.0013541031923644089
221,0,0.0013541031923644089
222,0,0.0013541031923644089
223,0,0.0013541031923644089
224,0,0.00473609435919771
225,0,0.0013541031923644089
226,0,0.0013541031923644089
227,0,0.0013541031923644089
228,1,0.9990586380118426
229,0,0.0013541031923644089
230,0,0.0013541031923644089
231,0,0.0013541031923644089
232,0,0.0013541031923644089
233,0,0.0013541031923644089
234,0,0.0013541031923644089
235,0,0.0013541031923644089
236,0,0.0013541031923644089
237,0,0.0013541031923644089
238,0,0.0013541031923644089
239,0,0.0013541031923644089
240,0,0.0033994652141653542
241,1,0.9990586380118426
242,0,0.0013541031923644089
243,0,0.0013541031923644089
244,1,0.9735142603269309
245,1,0.9967041018977133
246,0,0.0013541031923644089
247,0,0.0013541031923644089
248,0,0.0013541031923644089
249,0,0.0013541031923644089
250,0,0.0013541031923644089
251,0,0.0013541031923644089
252,1,0.9990586380118426
253,0,0.0013541031923644089
254,1,0.9990586380118426
255,0,0.0013541031923644089
256,1,0.9990586380118426
257,1,0.9990586380118426
258,0,0.0013541031923644089
259,0,0.0013541031923644089
260,1,0.9917499051049197
261,0,0.0013541031923644089
262,0,0.0013541031923644089
263,0,0.0013541031923644089
264,0,0.0013541031923644089
265,1,0.9990586380118426
266,0,0.0013541031923644089
267,0,0.0013541031923644089
268,0,0.0013541031923644089
269,0,0.0013541031923644089
270,0,0.0013541031923644089
271,0,0.0013541031923644089
272,0,0.0013541031923644089
273,0,0.0013541031923644089
274,0,0.0013541031923644089
275,0,0.0013541031923644089
276,0,0.0013541031923644089
277,0,0.0013541031923644089
278,1,0.9990586380118426
279,0,0.0013541031923644089
280,0,0.0013541031923644089
281,0,0.0013541031923644089
282,1,0.9990586380118426
283,1,0.91460309176294
284,0,0.0013541031923644089
285,0,0.0013541031923644089
286,0,0.0013541031923644089
287,0,0.0013541031923644089
288,0,0.0013541031923644089
289,0,0.0013541031923644089
290,1,0.9990586380118426
291,1,0.9976352419825688
292,0,0.0013541031923644089
293,0,0.0013541031923644089
294,0,0.0013541031923644089
295,0,0.0013541031923644089
296,1,0.9990586380118426
297,0,0.0013541031923644089
298,0,0.0013541031923644089
299,0,0.0013541031923644089
300,0,0.00473609435919771
301,1,0.9990586380118426
302,1,0.9990586380118426
303,0,0.0013541031923644089
304,0,0.0013541031923644089
305,0,0.0013541031923644089
306,0,0.0013541031923644089
307,0,0.0013541031923644089
308,1,0.9990586380118426
309,0,0.0013541031923644089
310,1,0.7531929415267726
311,0,0.0013541031923644089
312,0,0.0013541031923644089
313,0,0.0013541031923644089
314,0,0.0013541031923644089
315,1,0.9990586380118426
316,1,0.9990586380118426
317,1,0.9990586380118426
318,0,0.0013541031923644089
319,1,0.9990586380118426
320,0,0.0013541031923644089
321,0,0.0013541031923644089
322,0,0.0013541031923644089
323,0,0.0013541031923644089
324,0,0.0013541031923644089
325,0,0.0013541031923644089
326,1,0.9990586380118426
327,0,0.0013541031923644089
328,1,0.7531929415267726
329,1,0.9990586380118426
330,0,0.0013541031923644089
331,0,0.0013541031923644089
332,0,0.0013541031923644089
333,0,0.0013541031923644089
334,0,0.0013541031923644089
335,0,0.0013541031923644089
336,0,0.004415008996783617
337,0,0.0013541031923644089
338,1,0.9990586380118426
339,1,0.9990586380118426
340,0,0.0013541031923644089
341,1,0.9976352419825688
342,0,0.0013541031923644089
343,0,0.0013541031923644089
344,0,0.0013541031923644089
345,0,0.0013541031923644089
346,0,0.0013541031923644089
347,0,0.0013541031923644089
348,1,0.9990586380118426
349,0,0.0013541031923644089
350,0,0.0013541031923644089
351,1,0.9990586380118426
352,0,0.0013541031923644089
353,0,0.0013541031923644089
354,0,0.0013541031923644089
355,0,0.0013541031923644089
356,0,0.0013541031923644089
357,0,0.0013541031923644089
358,1,0.9990586380118426
359,0,0.0013541031923644089
360,1,0.9990586380118426
361,0,0.0013541031923644089
362,1,0.9990586380118426
363,1,0.9990586380118426
364,0,0.0013541031923644089
365,1,0.9990586380118426
366,0,0.0013541031923644089
367,0,0.15785658632437877
368,0,0.0033994652141653542
369,1,0.9990586380118426
370,0,0.0033994652141653542
371,1,0.9990586380118426
372,0,0.0013541031923644089
373,0,0.0013541031923644089
374,0,0.0013541031923644089
375,0,0.0013541031923644089
376,0,0.0013541031923644089
377,0,0.0013541031923644089
378,0,0.0013541031923644089
379,0,0.0013541031923644089
380,0,0.0013541031923644089
381,0,0.0013541031923644089
382,1,0.9990586380118426
383,0,0.0013541031923644089
384,0,0.0013541031923644089
385,0,0.0013541031923644089
386,0,0.0013541031923644089
387,0,0.0013541031923644089
388,0,0.0013541031923644089
389,1,0.9967041018977133
390,0,0.0013541031923644089
391,1,0.9990586380118426
392,0,0.0013541031923644089
393,0,0.0013541031923644089
394,1,0.9990586380118426
395,1,0.9990586380118426
396,0,0.0013541031923644089
397,0,0.0013541031923644089
398,1,0.9990586380118426
399,0,0.0013541031923644089
400,0,0.0013541031923644089
401,0,0.0013541031923644089
402,1,0.9990586380118426
403,0,0.0013541031923644089
404,0,0.0013541031923644089
405,1,0.9990586380118426
406,0,0.0013541031923644089
407,0,0.0013541031923644089
408,1,0.9990586380118426
409,0,0.0013541031923644089
410,0,0.0013541031923644089
411,1,0.9990586380118426
412,0,0.0013541031923644089
413,0,0.0013541031923644089
414,0,0.0013541031923644089
415,0,0.0013541031923644089
416,1,0.9990586380118426
417,0,0.0013541031923644089
418,0,0.0013541031923644089
419,1,0.9990586380118426
420,1,0.9990586380118426
421,1,0.9990586380118426
422,0,0.0013541031923644089
423,1,0.9990586380118426
424,0,0.0013541031923644089
425,0,0.00473609435919771
426,1,0.9990586380118426
427,0,0.0013541031923644089
428,0,0.0013541031923644089
429,0,0.0013541031923644089
430,1,0.9990586380118426
431,0,0.0013541031923644089
432,0,0.0013541031923644089
433,0,0.0013541031923644089
434,0,0.00473609435919771
435,1,0.9642123702445244
436,1,0.7531929415267726
437,1,0.9990586380118426
438,0,0.0013541031923644089
439,0,0.0013541031923644089
440,0,0.0013541031923644089
441,0,0.0013541031923644089
442,0,0.0013541031923644089
443,0,0.0013541031923644089
444,1,0.9990586380118426
445,1,0.9990586380118426
446,0,0.0013541031923644089
447,0,0.0013541031923644089
448,0,0.0013541031923644089
449,0,0.00473609435919771
450,0,0.0013541031923644089
451,0,0.0013541031923644089
452,0,0.0013541031923644089
453,0,0.0013541031923644089
454,0,0.0013541031923644089
455,0,0.0033994652141653542
456,1,0.9990586380118426
457,1,0.7531929415267726
458,0,0.0013541031923644089
459,0,0.0013541031923644089
460,0,0.0013541031923644089
461,1,0.9990586380118426
462,0,0.0013541031923644089
463,0,0.0013541031923644089
464,0,0.0013541031923644089
465,0,0.0013541031923644089
466,0,0.0013541031923644089
467,0,0.0013541031923644089
468,0,0.0013541031923644089
469,0,0.0013541031923644089
470,1,0.9990586380118426
471,0,0.0013541031923644089
472,0,0.0013541031923644089
473,0,0.0013541031923644089
474,0,0.0013541031923644089
475,0,0.0013541031923644089
476,1,0.9990586380118426
477,0,0.0013541031923644089
478,1,0.9990586380118426
479,0,0.0013541031923644089
480,0,0.0013541031923644089
481,0,0.0013541031923644089
482,0,0.0013541031923644089
483,0,0.0013541031923644089
484,1,0.9990586380118426
485,1,0.9990586380118426
486,0,0.0013541031923644089
487,0,0.0013541031923644089
488,0,0.0013541031923644089
489,0,0.0013541031923644089
490,0,0.0013541031923644089
491,0,0.0013541031923644089
492,0,0.0013541031923644089
493,0,0.0013541031923644089
494,0,0.0013541031923644089
495,0,0.0013541031923644089
496,0,0.0013541031923644089
497,0,0.0013541031923644089
498,0,0.0013541031923644089
499,1,0.9990586380118426
500,0,0.0013541031923644089
501,0,0.0013541031923644089
502,0,0.0013541031923644089
503,0,0.0013541031923644089
504,0,0.0013541031923644089
505,1,0.9990586380118426
506,1,0.9990586380118426
507,1,0.9990586380118426
508,0,0.0013541031923644089
509,0,0.0013541031923644089
510,0,0.0013541031923644089
511,0,0.0013541031923644089
512,1,0.9990586380118426
513,0,0.0013541031923644089
514,0,0.0013541031923644089
515,0,0.0013541031923644089
516,0,0.0013541031923644089
517,1,0.9990586380118426
518,1,0.9990586380118426
519,0,0.0013541031923644089
520,1,0.9990586380118426
521,0,0.00473609435919771
522,0,0.0013541031923644089
523,0,0.0013541031923644089
524,1,0.9990586380118426
525,1,0.9990586380118426
526,1,0.9990586380118426
527,1,0.9990586380118426
528,0,0.0013541031923644089
529,0,0.0013541031923644089
530,0,0.0013541031923644089
531,0,0.0013541031923644089
532,0,0.0013541031923644089
533,0,0.0013541031923644089
534,0,0.0013541031923644089
535,0,0.0013541031923644089
536,0,0.0013541031923644089
537,0,0.0013541031923644089
538,0,0.0013541031923644089
539,1,0.9893008585587304
540,0,0.0013541031923644089
541,0,0.0013541031923644089
542,0,0.0013541031923644089
543,0,0.0013541031923644089
544,0,0.0013541031923644089
545,0,0.0013541031923644089
546,0,0.0013541031923644089
547,1,0.9990586380118426
548,0,0.0013541031923644089
549,0,0.0013541031923644089
550,0,0.0013541031923644089
551,0,0.0013541031923644089
552,0,0.0013541031923644089
553,0,0.0013541031923644089
554,1,0.9990586380118426
555,0,0.0013541031923644089
556,0,0.0013541031923644089
557,0,0.0013541031923644089
558,0,0.0013541031923644089
559,0,0.0013541031923644089
560,0,0.0013541031923644089
561,0,0.0013541031923644089
562,0,0.0013541031923644089
563,0,0.0013541031923644089
564,0,0.0013541031923644089
565,0,0.0013541031923644089
566,0,0.0013541031923644089
567,0,0.0013541031923644089
568,0,0.004415008996783617
569,0,0.0013541031923644089
570,0,0.0013541031923644089
571,1,0.9976352419825688
572,0,0.0013541031923644089
573,0,0.0013541031923644089
574,1,0.9990586380118426
575,0,0.0013541031923644089
576,0,0.0013541031923644089
577,0,0.00473609435919771
578,1,0.9990586380118426
579,1,0.9990586380118426
580,0,0.0013541031923644089
581,1,0.9990586380118426
582,0,0.0013541031923644089
583,1,0.9990586380118426
584,0,0.0013541031923644089
585,0,0.0013541031923644089
586,0,0.0013541031923644089
587,0,0.0013541031923644089
588,0,0.0013541031923644089
589,0,0.0013541031923644089
590,0,0.0013541031923644089
591,0,0.0013541031923644089
592,0,0.0013541031923644089
593,0,0.0013541031923644089
594,0,0.0013541031923644089
595,0,0.0013541031923644089
596,1,0.9990586380118426
597,0,0.0013541031923644089
598,0,0.0013541031923644089
599,0,0.0013541031923644089
600,0,0.0013541031923644089
601,0,0.0013541031923644089
602,0,0.0013541031923644089
603,0,0.0013541031923644089
604,0,0.0013541031923644089
605,0,0.0013541031923644089
606,0,0.0013541031923644089
607,0,0.0013541031923644089
608,1,0.9990586380118426
609,0,0.0013541031923644089
610,0,0.0013541031923644089
611,0,0.0013541031923644089
612,0,0.0013541031923644089
613,0,0.0013541031923644089
614,0,0.01532456682019143
615,0,0.0013541031923644089
616,0,0.0013541031923644089
617,0,0.0013541031923644089
618,0,0.0013541031923644089
619,0,0.0013541031923644089
620,0,0.0013541031923644089
621,0,0.0013541031923644089
622,1,0.9990586380118426
623,0,0.0013541031923644089
624,0,0.0013541031923644089
625,0,0.004415008996783617
626,0,0.0013541031923644089
627,0,0.0013541031923644089
628,0,0.0013541031923644089
629,0,0.0013541031923644089
630,0,0.0013541031923644089
631,0,0.0013541031923644089
632,0,0.0013541031923644089
633,0,0.0013541031923644089
634,0,0.0013541031923644089
635,0,0.0013541031923644089
636,0,0.0013541031923644089
637,0,0.00473609435919771
638,0,0.0013541031923644089
639,1,0.91460309176294
640,0,0.0013541031923644089
641,0,0.0013541031923644089
642,1,0.9967041018977133
643,0,0.0013541031923644089
644,1,0.9990586380118426
645,1,0.9990586380118426
646,0,0.0013541031923644089
647,1,0.9990586380118426
648,0,0.0013541031923644089
649,0,0.0013541031923644089
650,0,0.0013541031923644089
651,0,0.0013541031923644089
652,0,0.0013541031923644089
653,0,0.0013541031923644089
654,0,0.0013541031923644089
655,0,0.0013541031923644089
656,0,0.0013541031923644089
657,0,0.0013541031923644089
658,0,0.0013541031923644089
659,1,0.9990586380118426
660,1,0.7531929415267726
661,0,0.0013541031923644089
662,0,0.0013541031923644089
663,0,0.0013541031923644089
664,0,0.0013541031923644089
665,0,0.0013541031923644089
666,0,0.0013541031923644089
667,0,0.0013541031923644089
668,0,0.0013541031923644089
669,1,0.9990586380118426
670,0,0.0013541031923644089
671,0,0.0013541031923644089
672,0,0.0013541031923644089
673,0,0.0013541031923644089
674,1,0.9990586380118426
675,1,0.9990586380118426
676,0,0.0013541031923644089
677,0,0.0013541031923644089
678,0,0.0013541031923644089
679,0,0.0013541031923644089
680,0,0.0013541031923644089
681,0,0.0013541031923644089
682,0,0.0013541031923644089
683,1,0.9917499051049197
684,0,0.0013541031923644089
685,1,0.9990586380118426
686,0,0.0013541031923644089
687,1,0.9990586380118426
688,1,0.9990586380118426
689,0,0.0013541031923644089
690,0,0.0013541031923644089
691,0,0.0013541031923644089
692,0,0.016068911867082224
693,0,0.0013541031923644089
694,0,0.0013541031923644089
695,0,0.0013541031923644089
696,0,0.0013541031923644089
697,0,0.0013541031923644089
698,0,0.0013541031923644089
699,0,0.0013541031923644089
700,0,0.0013541031923644089
701,0,0.0013541031923644089
702,0,0.00473609435919771
703,0,0.0013541031923644089
704,1,0.9990586380118426
705,0,0.0013541031923644089
706,0,0.0013541031923644089
707,0,0.0013541031923644089
708,0,0.0013541031923644089
709,0,0.0013541031923644089
710,0,0.0013541031923644089
711,1,0.9990586380118426
712,0,0.0013541031923644089
713,0,0.0013541031923644089
714,0,0.0013541031923644089
715,0,0.0013541031923644089
716,0,0.0013541031923644089
717,0,0.0013541031923644089
718,0,0.0013541031923644089
719,0,0.0013541031923644089
720,1,0.9990586380118426
721,1,0.9990586380118426
722,0,0.0013541031923644089
723,1,0.9990586380118426
724,0,0.0013541031923644089
725,1,0.9990586380118426
726,0,0.0013541031923644089
727,0,0.0013541031923644089
728,0,0.0013541031923644089
729,0,0.0013541031923644089
730,0,0.0013541031923644089
731,0,0.0013541031923644089
732,0,0.0013541031923644089
733,0,0.0033994652141653542
734,0,0.0013541031923644089
735,1,0.9990586380118426
736,0,0.0013541031923644089
737,1,0.9990586380118426
738,0,0.0013541031923644089
739,0,0.0013541031923644089
740,1,0.9990586380118426
741,1,0.9990586380118426
742,0,0.0013541031923644089
743,0,0.0013541031923644089
744,0,0.0013541031923644089
745,0,0.0013541031923644089
746,1,0.9990586380118426
747,0,0.0013541031923644089
748,0,0.0013541031923644089
749,0,0.0013541031923644089
750,0,0.0013541031923644089
751,0,0.0013541031923644089
752,0,0.0013541031923644089
753,1,0.9990586380118426
754,1,0.9990586380118426
755,0,0.0013541031923644089
756,0,0.0013541031923644089
757,0,0.0013541031923644089
758,0,0.0013541031923644089
759,0,0.0013541031923644089
760,0,0.0013541031923644089
761,0,0.0013541031923644089
762,0,0.0013541031923644089
763,0,0.0013541031923644089
764,1,0.9990586380118426
765,0,0.0013541031923644089
766,0,0.0013541031923644089
767,0,0.0013541031923644089
768,1,0.9990586380118426
769,0,0.0013541031923644089
770,1,0.9990586380118426
771,0,0.0013541031923644089
772,0,0.0013541031923644089
773,0,0.0013541031923644089
774,0,0.0013541031923644089
775,0,0.0013541031923644089
776,0,0.0013541031923644089
777,0,0.0013541031923644089
778,0,0.0013541031923644089
779,1,0.9990586380118426
780,1,0.9990586380118426
781,0,0.0013541031923644089
782,0,0.0013541031923644089
783,0,0.0013541031923644089
784,0,0.0033994652141653542
785,0,0.0013541031923644089
786,0,0.0013541031923644089
787,0,0.0013541031923644089
788,0,0.0013541031923644089
789,1,0.9990586380118426
790,0,0.0013541031923644089
791,1,0.9990586380118426
792,0,0.0013541031923644089
793,1,0.9990586380118426
794,1,0.9990586380118426
795,0,0.0013541031923644089
796,1,0.9990586380118426
797,0,0.0013541031923644089
798,0,0.0013541031923644089
799,1,0.9990586380118426
800,1,0.9990586380118426
801,0,0.0013541031923644089
802,1,0.9990586380118426
803,0,0.0013541031923644089
804,0,0.0013541031923644089
805,0,0.0013541031923644089
806,0,0.0013541031923644089
807,0,0.0013541031923644089
808,1,0.9990586380118426
809,0,0.0013541031923644089
810,0,0.0013541031923644089
811,0,0.0013541031923644089
812,0,0.0013541031923644089
813,0,0.0013541031923644089
814,0,0.0013541031923644089
815,0,0.0013541031923644089
816,0,0.0013541031923644089
817,0,0.00473609435919771
818,1,0.9990586380118426
819,0,0.0013541031923644089
820,0,0.0013541031923644089
821,0,0.0013541031923644089
822,0,0.0013541031923644089
823,1,0.9990586380118426
824,0,0.0013541031923644089
825,0,0.0013541031923644089
826,1,0.9990586380118426
827,0,0.0013541031923644089
828,1,0.9990586380118426
829,0,0.0013541031923644089
830,0,0.0013541031923644089
831,0,0.0013541031923644089
832,1,0.7531929415267726
833,0,0.0013541031923644089
834,0,0.0013541031923644089
835,0,0.0013541031923644089
836,0,0.0013541031923644089
837,1,0.9990586380118426
838,0,0.0013541031923644089
839,1,0.9990586380118426
840,0,0.0013541031923644089
841,0,0.0013541031923644089
842,0,0.0013541031923644089
843,0,0.0013541031923644089
844,0,0.011829414782175173
845,1,0.9990586380118426
846,0,0.0013541031923644089
847,0,0.0013541031923644089
848,0,0.0013541031923644089
849,0,0.0013541031923644089
850,0,0.0013541031923644089
851,0,0.0013541031923644089
852,0,0.0013541031923644089
853,0,0.0013541031923644089
854,1,0.9990586380118426
855,0,0.0013541031923644089
856,1,0.9990586380118426
857,0,0.0013541031923644089
858,1,0.9990586380118426
859,1,0.9990586380118426
860,0,0.0013541031923644089
861,0,0.0033994652141653542
862,0,0.0013541031923644089
863,0,0.0013541031923644089
864,0,0.0013541031923644089
865,0,0.0013541031923644089
866,0,0.0013541031923644089
867,0,0.0013541031923644089
868,0,0.0013541031923644089
869,0,0.0013541031923644089
870,0,0.0013541031923644089
871,1,0.9990586380118426
872,0,0.0013541031923644089
873,0,0.0013541031923644089
874,0,0.0013541031923644089
875,0,0.0013541031923644089
876,0,0.0013541031923644089
877,0,0.0013541031923644089
878,1,0.9990586380118426
879,0,0.0013541031923644089
880,0,0.0013541031923644089
881,0,0.0013541031923644089
882,0,0.004415008996783617
883,0,0.0013541031923644089
884,0,0.0013541031923644089
885,0,0.0013541031923644089
886,0,0.0013541031923644089
887,0,0.00473609435919771
888,1,0.9990586380118426
889,0,0.0013541031923644089
890,0,0.0013541031923644089
891,1,0.9990586380118426
892,0,0.0013541031923644089
893,0,0.0013541031923644089
894,0,0.0013541031923644089
895,0,0.0013541031923644089
896,0,0.0013541031923644089
897,0,0.0013541031923644089
898,0,0.0013541031923644089
899,0,0.0033994652141653542
900,0,0.0013541031923644089
901,1,0.9990586380118426
902,1,0.9990586380118426
903,1,0.9990586380118426
904,1,0.9990586380118426
905,0,0.0013541031923644089
906,1,0.9990586380118426
907,0,0.0013541031923644089
908,1,0.9990586380118426
909,0,0.0033994652141653542
910,0,0.0013541031923644089
911,0,0.0013541031923644089
912,1,0.9990586380118426
913,0,0.0013541031923644089
914,1,0.9990586380118426
915,0,0.0013541031923644089
916,0,0.0013541031923644089
917,0,0.0013541031923644089
918,0,0.0013541031923644089
919,1,0.9990586380118426
920,0,0.0013541031923644089
921,0,0.0013541031923644089
922,1,0.9990586380118426
923,0,0.0013541031923644089
924,0,0.0013541031923644089
925,0,0.0033994652141653542
926,0,0.0013541031923644089
927,0,0.0013541031923644089
928,1,0.9990586380118426
929,0,0.0013541031923644089
930,1,0.9990586380118426
931,1,0.9990586380118426
932,0,0.0013541031923644089
933,1,0.9990586380118426
934,0,0.0013541031923644089
935,0,0.0013541031923644089
936,0,0.0013541031923644089
937,0,0.0013541031923644089
938,0,0.0013541031923644089
939,0,0.0013541031923644089
940,0,0.0013541031923644089
941,0,0.004415008996783617
942,0,0.0013541031923644089
943,0,0.0013541031923644089
944,1,0.9990586380118426
945,1,0.9990586380118426
946,0,0.0013541031923644089
947,1,0.9990586380118426
948,0,0.0013541031923644089
949,0,0.0013541031923644089
950,0,0.0013541031923644089
951,0,0.0013541031923644089
952,0,0.0013541031923644089
953,0,0.0013541031923644089
954,1,0.9990586380118426
955,0,0.0013541031923644089
956,0,0.0013541031923644089
957,0,0.0013541031923644089
958,0,0.0013541031923644089
959,0,0.0013541031923644089
960,0,0.0013541031923644089
961,1,0.9990586380118426
962,0,0.0013541031923644089
963,1,0.9990586380118426
964,0,0.0013541031923644089
965,1,0.7531929415267726
966,0,0.0013541031923644089
967,0,0.0013541031923644089
968,0,0.0013541031923644089
969,1,0.9990586380118426
970,0,0.0013541031923644089
971,1,0.9990586380118426
972,0,0.0013541031923644089
973,1,0.9990586380118426
974,0,0.0013541031923644089
975,1,0.9990586380118426
976,0,0.0013541031923644089
977,0,0.0013541031923644089
978,0,0.0013541031923644089
979,0,0.0013541031923644089
980,0,0.0013541031923644089
981,0,0.0013541031923644089
982,0,0.0013541031923644089
983,0,0.0013541031923644089
984,0,0.0013541031923644089
985,0,0.0013541031923644089
986,0,0.0013541031923644089
987,0,0.0013541031923644089
988,0,0.0013541031923644089
989,0,0.0013541031923644089
990,0,0.0013541031923644089
991,1,0.9990586380118426
992,0,0.0013541031923644089
993,0,0.0013541031923644089
994,0,0.0013541031923644089
995,0,0.0013541031923644089
996,0,0.0013541031923644089
997,0,0.0013541031923644089
998,0,0.0013541031923644089
999,0,0.0013541031923644089
1000,0,0.0013541031923644089
1001,0,0.0013541031923644089
1002,0,0.0013541031923644089
1003,1,0.9990586380118426
1004,0,0.0013541031923644089
1005,0,0.0013541031923644089
1006,0,0.0013541031923644089
1007,0,0.0013541031923644089
1008,0,0.0013541031923644089
1009,0,0.0013541031923644089
1010,0,0.0013541031923644089
1011,1,0.9976352419825688
1012,0,0.0013541031923644089
1013,0,0.0013541031923644089
1014,0,0.0013541031923644089
1015,0,0.0013541031923644089
1016,0,0.0013541031923644089
1017,0,0.0013541031923644089
1018,1,0.9990586380118426
1019,0,0.0013541031923644089
1020,0,0.0013541031923644089
1021,1,0.9990586380118426
1022,1,0.9990586380118426
1023,0,0.0013541031923644089
1024,0,0.0013541031923644089
1025,1,0.9990586380118426
1026,0,0.0013541031923644089
1027,0,0.0013541031923644089
1028,0,0.0013541031923644089
1029,0,0.0013541031923644089
1030,0,0.0013541031923644089
1031,0,0.0013541031923644089
1032,0,0.0013541031923644089
1033,0,0.0013541031923644089
1034,0,0.0013541031923644089
1035,0,0.0013541031923644089
1036,0,0.0013541031923644089
1037,0,0.0013541031923644089
1038,1,0.9990586380118426
1039,1,0.996927849981777
1040,0,0.0013541031923644089
1041,0,0.0013541031923644089
1042,0,0.0013541031923644089
1043,1,0.9990586380118426
1044,0,0.0013541031923644089
1045,0,0.0013541031923644089
1046,0,0.0013541031923644089
1047,0,0.0013541031923644089
1048,0,0.050703360211789006
1049,0,0.0013541031923644089
1050,0,0.0013541031923644089
1051,1,0.9990586380118426
1052,0,0.0013541031923644089
1053,1,0.9990586380118426
1054,0,0.0013541031923644089
1055,0,0.0013541031923644089
1056,1,0.9990586380118426
1057,1,0.9990586380118426
1058,0,0.0013541031923644089
1059,0,0.0013541031923644089
1060,0,0.0013541031923644089
1061,0,0.0013541031923644089
1062,1,0.9976352419825688
1063,1,0.9990586380118426
1064,0,0.0013541031923644089
1065,0,0.0013541031923644089
1066,1,0.9990586380118426
1067,0,0.0013541031923644089
1068,1,0.9990586380118426
1069,0,0.0013541031923644089
1070,0,0.0013541031923644089
1071,0,0.0013541031923644089
1072,1,0.9990586380118426
1073,0,0.0013541031923644089
1074,0,0.0013541031923644089
1075,0,0.0013541031923644089
1076,0,0.0013541031923644089
1077,0,0.0013541031923644089
1078,0,0.0013541031923644089
1079,0,0.0013541031923644089
1080,0,0.0033994652141653542
1081,0,0.0013541031923644089
1082,0,0.0013541031923644089
1083,0,0.0013541031923644089
1084,0,0.0013541031923644089
1085,0,0.0013541031923644089
1086,0,0.0013541031923644089
1087,0,0.0013541031923644089
1088,0,0.0013541031923644089
1089,0,0.0013541031923644089
1090,0,0.0013541031923644089
1091,0,0.0013541031923644089
1092,0,0.0013541031923644089
1093,0,0.0013541031923644089
1094,0,0.0013541031923644089
1095,0,0.0013541031923644089
1096,1,0.9990586380118426
1097,0,0.0013541031923644089
1098,1,0.9990586380118426
1099,0,0.0013541031923644089
1100,0,0.0013541031923644089
1101,0,0.0013541031923644089
1102,1,0.9990586380118426
1103,1,0.9990586380118426
1104,0,0.0013541031923644089
1105,1,0.9990586380118426
1106,0,0.0013541031923644089
1107,0,0.0013541031923644089
1108,1,0.9990586380118426
1109,0,0.0013541031923644089
1110,0,0.0013541031923644089
1111,1,0.9990586380118426
1112,1,0.9990586380118426
1113,0,0.0013541031923644089
1114,0,0.0013541031923644089
1115,1,0.9990586380118426
1116,0,0.0013541031923644089
1117,0,0.0013541031923644089
1118,0,0.0013541031923644089
1119,0,0.0013541031923644089
1120,0,0.0013541031923644089
1121,0,0.0013541031923644089
1122,0,0.0013541031923644089
1123,1,0.9990586380118426
1124,0,0.0013541031923644089
1125,0,0.0013541031923644089
1126,0,0.0013541031923644089
1127,0,0.0013541031923644089
1128,0,0.0013541031923644089
1129,0,0.0013541031923644089
1130,0,0.0013541031923644089
1131,0,0.0013541031923644089
1132,0,0.0013541031923644089
1133,0,0.0013541031923644089
1134,0,0.0013541031923644089
1135,0,0.0013541031923644089
1136,0,0.0013541031923644089
1137,1,0.9990586380118426
1138,0,0.0013541031923644089
1139,1,0.9990586380118426
1140,0,0.0013541031923644089
1141,1,0.9990586380118426
1142,1,0.9990586380118426
1143,1,0.9735142603269309
1144,0,0.0013541031923644089
1145,0,0.0013541031923644089
1146,0,0.0013541031923644089
1147,1,0.9990586380118426
1148,0,0.0013541031923644089
1149,0,0.0013541031923644089
1150,0,0.0013541031923644089
1151,1,0.9990586380118426
1152,0,0.0013541031923644089
1153,0,0.0013541031923644089
1154,0,0.0013541031923644089
1155,0,0.0013541031923644089
1156,1,0.9990586380118426
1157,1,0.9990586380118426
1158,0,0.0013541031923644089
1159,1,0.91460309176294
1160,0,0.0013541031923644089
1161,0,0.0013541031923644089
1162,1,0.9990586380118426
1163,0,0.00473609435919771
1164,0,0.0013541031923644089
1165,1,0.9990586380118426
1166,0,0.0013541031923644089
1167,0,0.0013541031923644089
1168,0,0.0013541031923644089
1169,1,0.9990586380118426
1170,1,0.91460309176294
1171,1,0.9990586380118426
1172,0,0.0013541031923644089
1173,0,0.0013541031923644089
1174,0,0.0013541031923644089
1175,0,0.0013541031923644089
1176,0,0.0013541031923644089
1177,1,0.9990586380118426
1178,0,0.0013541031923644089
1179,0,0.0013541031923644089
1180,0,0.0013541031923644089
1181,1,0.7531929415267726
1182,0,0.0013541031923644089
1183,0,0.0013541031923644089
1184,0,0.0013541031923644089
1185,0,0.0013541031923644089
1186,0,0.0013541031923644089
1187,1,0.9990586380118426
1188,0,0.0013541031923644089
1189,0,0.0013541031923644089
1190,1,0.9967041018977133
1191,0,0.0013541031923644089
1192,0,0.0013541031923644089
1193,1,0.9735142603269309
1194,0,0.0013541031923644089
1195,1,0.9990586380118426
1196,0,0.00473609435919771
1197,0,0.0013541031923644089
1198,0,0.0013541031923644089
1199,0,0.0013541031923644089
1200,1,0.9990586380118426
1201,0,0.0013541031923644089
1202,0,0.0013541031923644089
1203,0,0.0013541031923644089
1204,0,0.0013541031923644089
1205,0,0.0013541031923644089
1206,1,0.9990586380118426
1207,0,0.0013541031923644089
1208,1,0.9990586380118426
1209,0,0.0013541031923644089
1210,1,0.9990586380118426
1211,1,0.9990586380118426
1212,0,0.0013541031923644089
1213,1,0.9990586380118426
1214,0,0.0013541031923644089
1215,0,0.0013541031923644089
1216,0,0.0013541031923644089
1217,0,0.0013541031923644089
1218,0,0.00473609435919771
1219,0,0.0013541031923644089
1220,0,0.0013541031923644089
1221,0,0.0013541031923644089
1222,0,0.0013541031923644089
1223,0,0.0013541031923644089
1224,0,0.0013541031923644089
1225,1,0.7531929415267726
1226,0,0.0013541031923644089
1227,0,0.0013541031923644089
1228,1,0.9990586380118426
1229,0,0.0013541031923644089
1230,0,0.0013541031923644089
1231,1,0.996927849981777
1232,0,0.0013541031923644089
1233,0,0.0013541031923644089
1234,1,0.9990586380118426
1235,0,0.0013541031923644089
1236,0,0.0013541031923644089
1237,1,0.9990586380118426
1238,0,0.0013541031923644089
1239,0,0.0013541031923644089
1240,0,0.0013541031923644089
1241,0,0.0013541031923644089
1242,0,0.0013541031923644089
1243,1,0.9990586380118426
1244,0,0.0013541031923644089
1245,0,0.0013541031923644089
1246,0,0.0013541031923644089
1247,0,0.0013541031923644089
1248,0,0.0013541031923644089
1249,1,0.9990586380118426
1250,0,0.0013541031923644089
1251,0,0.0013541031923644089
1252,0,0.0013541031923644089
1253,0,0.00473609435919771
1254,0,0.0013541031923644089
1255,0,0.0013541031923644089
1256,1,0.7531929415267726
1257,1,0.9967041018977133
1258,0,0.0013541031923644089
1259,1,0.9990586380118426
1260,0,0.011829414782175173
1261,0,0.0013541031923644089
1262,1,0.9990586380118426
1263,0,0.0013541031923644089
1264,0,0.0013541031923644089
1265,0,0.0013541031923644089
1266,1,0.9990586380118426
1267,0,0.0013541031923644089
1268,1,0.9990586380118426
1269,0,0.0013541031923644089
1270,0,0.0013541031923644089
1271,0,0.0013541031923644089
1272,0,0.0013541031923644089
1273,1,0.9735142603269309
1274,0,0.0013541031923644089
1275,1,0.9990586380118426
1276,0,0.0013541031923644089
1277,1,0.9990586380118426
1278,0,0.0013541031923644089
1279,0,0.0013541031923644089
1280,0,0.0013541031923644089
1281,0,0.011032765840828775
1282,1,0.9990586380118426
1283,0,0.0013541031923644089
1284,0,0.0013541031923644089
1285,0,0.0013541031923644089
1286,1,0.9990586380118426
1287,0,0.0013541031923644089
1288,0,0.0013541031923644089
1289,0,0.0013541031923644089
1290,0,0.0013541031923644089
1291,0,0.0013541031923644089
1292,0,0.0013541031923644089
1293,0,0.0013541031923644089
1294,1,0.9990586380118426
1295,0,0.0013541031923644089
1296,0,0.0013541031923644089
1297,0,0.0013541031923644089
1298,0,0.0013541031923644089
1299,0,0.0013541031923644089
1300,0,0.0013541031923644089
1301,0,0.0013541031923644089
1302,0,0.0013541031923644089
1303,0,0.0013541031923644089
1304,0,0.0013541031923644089
1305,0,0.0013541031923644089
1306,1,0.9990586380118426
1307,1,0.9990586380118426
1308,0,0.0013541031923644089
1309,1,0.9990586380118426
1310,0,0.0013541031923644089
1311,0,0.0013541031923644089
1312,0,0.050703360211789006
1313,0,0.15785658632437877
1314,0,0.0013541031923644089
1315,0,0.0013541031923644089
1316,0,0.004415008996783617
1317,1,0.9990586380118426
1318,0,0.0013541031923644089
1319,0,0.0013541031923644089
1320,0,0.0013541031923644089
1321,1,0.9990586380118426
1322,1,0.9990586380118426
1323,0,0.0013541031923644089
1324,1,0.9990586380118426
1325,0,0.0013541031923644089
1326,0,0.0013541031923644089
1327,1,0.9990586380118426
1328,0,0.0013541031923644089
1329,1,0.9990586380118426
1330,0,0.0013541031923644089
1331,0,0.0013541031923644089
1332,0,0.0013541031923644089
1333,1,0.9967041018977133
1334,1,0.9990586380118426
1335,0,0.0013541031923644089
1336,1,0.9990586380118426
1337,0,0.0013541031923644089
1338,0,0.0013541031923644089
1339,0,0.0013541031923644089
1340,1,0.9990586380118426
1341,0,0.0013541031923644089
1342,0,0.0013541031923644089
1343,0,0.0013541031923644089
1344,1,0.9990586380118426
1345,0,0.0013541031923644089
1346,0,0.0013541031923644089
1347,0,0.0013541031923644089
1348,0,0.0013541031923644089
1349,0,0.0013541031923644089
1350,1,0.9990586380118426
1351,0,0.0013541031923644089
1352,1,0.9990586380118426
1353,0,0.0013541031923644089
1354,0,0.0013541031923644089
1355,0,0.0013541031923644089
1356,1,0.9990586380118426
1357,0,0.0013541031923644089
1358,0,0.0013541031923644089
1359,1,0.9089312534137471
1360,1,0.9990586380118426
1361,0,0.0013541031923644089
1362,0,0.0013541031923644089
1363,1,0.9990586380118426
1364,0,0.0013541031923644089
1365,0,0.0013541031923644089
1366,0,0.00473609435919771
1367,1,0.9990586380118426
1368,0,0.0013541031923644089
1369,0,0.0013541031923644089
1370,1,0.9990586380118426
1371,0,0.0013541031923644089
1372,0,0.0013541031923644089
1373,1,0.9917499051049197
1374,1,0.9990586380118426
1375,0,0.0013541031923644089
1376,0,0.0013541031923644089
1377,0,0.0013541031923644089
1378,0,0.0013541031923644089
1379,0,0.0013541031923644089
1380,1,0.9990586380118426
1381,1,0.9990586380118426
1382,0,0.0013541031923644089
1383,0,0.0013541031923644089
1384,0,0.0033994652141653542
1385,0,0.0013541031923644089
1386,0,0.0013541031923644089
1387,1,0.9990586380118426
1388,1,0.9990586380118426
1389,0,0.0013541031923644089
1390,0,0.0013541031923644089
1391,1,0.9990586380118426
1392,0,0.0013541031923644089
1393,0,0.0013541031923644089
1394,0,0.0013541031923644089
1395,0,0.0013541031923644089
1396,0,0.0013541031923644089
1397,1,0.9990586380118426
1398,0,0.0013541031923644089
1399,0,0.0013541031923644089
1400,1,0.9990586380118426
1401,0,0.0013541031923644089
1402,0,0.0013541031923644089
1403,0,0.0013541031923644089
1404,0,0.0013541031923644089
1405,0,0.0013541031923644089
1406,0,0.0013541031923644089
1407,0,0.0013541031923644089
1408,0,0.0013541031923644089
1409,1,0.9990586380118426
1410,0,0.0013541031923644089
1411,1,0.9990586380118426
1412,0,0.0013541031923644089
1413,0,0.0013541031923644089
1414,0,0.0013541031923644089
1415,0,0.0013541031923644089
1416,0,0.0013541031923644089
1417,0,0.0013541031923644089
1418,1,0.9735142603269309
1419,0,0.0013541031923644089
1420,1,0.9990586380118426
1421,0,0.0013541031923644089
1422,0,0.0013541031923644089
1423,0,0.0013541031923644089
1424,0,0.0013541031923644089
1425,0,0.0013541031923644089
1426,1,0.9976352419825688
1427,0,0.0013541031923644089
1428,0,0.0013541031923644089
1429,0,0.004415008996783617
1430,0,0.0013541031923644089
1431,0,0.0013541031923644089
1432,1,0.9990586380118426
1433,0,0.0013541031923644089
1434,0,0.0013541031923644089
1435,0,0.0013541031923644089
1436,1,0.9990586380118426
1437,1,0.9990586380118426
1438,0,0.0013541031923644089
1439,0,0.0013541031923644089
1440,0,0.0013541031923644089
1441,0,0.0013541031923644089
1442,1,0.9990586380118426
1443,0,0.0013541031923644089
1444,0,0.0013541031923644089
1445,0,0.0013541031923644089
1446,0,0.0013541031923644089
1447,0,0.0013541031923644089
1448,0,0.0013541031923644089
1449,1,0.9990586380118426
1450,0,0.0013541031923644089
1451,1,0.9990586380118426
1452,0,0.0013541031923644089
1453,1,0.9990586380118426
1454,1,0.9990586380118426
1455,0,0.0013541031923644089
1456,0,0.0013541031923644089
1457,0,0.0013541031923644089
1458,0,0.0013541031923644089
1459,0,0.0033994652141653542
1460,0,0.0013541031923644089
1461,0,0.0013541031923644089
1462,0,0.0013541031923644089
1463,0,0.0013541031923644089
1464,0,0.0013541031923644089
1465,0,0.0033994652141653542
1466,0,0.0013541031923644089
1467,0,0.0013541031923644089
1468,0,0.0013541031923644089
1469,0,0.0013541031923644089
1470,1,0.9990586380118426
1471,0,0.0013541031923644089
1472,0,0.0013541031923644089
1473,1,0.9990586380118426
1474,0,0.0013541031923644089
1475,0,0.0013541031923644089
1476,0,0.0013541031923644089
1477,1,0.9990586380118426
1478,0,0.0013541031923644089
1479,0,0.0033994652141653542
1480,0,0.0013541031923644089
1481,1,0.9990586380118426
1482,0,0.0013541031923644089
1483,1,0.9990586380118426
1484,0,0.0013541031923644089
1485,0,0.0013541031923644089
1486,0,0.0013541031923644089
1487,0,0.0013541031923644089
1488,0,0.0013541031923644089
1489,1,0.9990586380118426
1490,0,0.0013541031923644089
1491,1,0.9990586380118426
1492,0,0.0013541031923644089
1493,0,0.0013541031923644089
1494,1,0.9990586380118426
1495,0,0.0013541031923644089
1496,0,0.0013541031923644089
1497,0,0.0013541031923644089
1498,0,0.0013541031923644089
1499,0,0.0013541031923644089
1500,1,0.9990586380118426
1501,1,0.9990586380118426
1502,0,0.0013541031923644089
1503,1,0.9990586380118426
1504,1,0.9990586380118426
1505,0,0.0013541031923644089
1506,0,0.0013541031923644089
1507,1,0.7531929415267726
1508,1,0.9990586380118426
1509,0,0.0013541031923644089
1510,0,0.0013541031923644089
1511,0,0.0013541031923644089
1512,0,0.0013541031923644089
1513,0,0.0013541031923644089
1514,0,0.0013541031923644089
1515,0,0.0013541031923644089
1516,0,0.050703360211789006
1517,1,0.9990586380118426
1518,0,0.0033994652141653542
1519,0,0.0013541031923644089
1520,0,0.0013541031923644089
1521,0,0.004415008996783617
1522,0,0.0013541031923644089
1523,1,0.9990586380118426
1524,0,0.0013541031923644089
1525,1,0.9990586380118426
1526,0,0.0013541031923644089
1527,0,0.0013541031923644089
1528,0,0.0013541031923644089
1529,1,0.9990586380118426
1530,0,0.0013541031923644089
1531,0,0.0013541031923644089
1532,0,0.0013541031923644089
1533,0,0.0013541031923644089
1534,0,0.0013541031923644089
1535,0,0.0013541031923644089
1536,0,0.0013541031923644089
1537,1,0.9990586380118426
1538,0,0.0013541031923644089
1539,1,0.9990586380118426
1540,0,0.0013541031923644089
1541,0,0.0013541031923644089
1542,0,0.0013541031923644089
1543,1,0.9990586380118426
1544,1,0.9990586380118426
1545,0,0.0013541031923644089
1546,0,0.0013541031923644089
1547,0,0.0013541031923644089
1548,0,0.0013541031923644089
1549,0,0.0013541031923644089
1550,0,0.0013541031923644089
1551,1,0.9990586380118426
1552,0,0.0013541031923644089
1553,0,0.0013541031923644089
1554,0,0.0013541031923644089
1555,1,0.9990586380118426
1556,1,0.996927849981777
1557,0,0.0013541031923644089
1558,1,0.9990586380118426
1559,1,0.7531929415267726
1560,0,0.0013541031923644089
1561,0,0.0013541031923644089
1562,0,0.0013541031923644089
1563,0,0.0013541031923644089
1564,0,0.0013541031923644089
1565,0,0.0033994652141653542
1566,0,0.0013541031923644089
1567,1,0.9990586380118426
1568,0,0.0013541031923644089
1569,1,0.9990586380118426
1570,0,0.0013541031923644089
1571,0,0.0013541031923644089
1572,0,0.0013541031923644089
1573,0,0.0013541031923644089
1574,0,0.0013541031923644089
1575,0,0.0013541031923644089
1576,0,0.0013541031923644089
1577,0,0.0013541031923644089
1578,0,0.0013541031923644089
1579,0,0.0013541031923644089
1580,0,0.0013541031923644089
1581,0,0.0013541031923644089
1582,0,0.0013541031923644089
1583,0,0.0013541031923644089
1584,0,0.0013541031923644089
1585,0,0.0013541031923644089
1586,0,0.0013541031923644089
1587,1,0.9990586380118426
1588,1,0.9990586380118426
1589,1,0.9990586380118426
1590,1,0.9990586380118426
1591,0,0.0013541031923644089
1592,0,0.0013541031923644089
1593,0,0.0013541031923644089
1594,0,0.0013541031923644089
1595,0,0.0013541031923644089
1596,1,0.9990586380118426
1597,0,0.0013541031923644089
1598,0,0.0013541031923644089
1599,1,0.9990586380118426
1600,0,0.0013541031923644089
1601,0,0.00473609435919771
1602,0,0.0013541031923644089
1603,0,0.0013541031923644089
1604,1,0.9990586380118426
1605,0,0.0013541031923644089
1606,0,0.0013541031923644089
1607,0,0.0013541031923644089
1608,1,0.9990586380118426
1609,0,0.0013541031923644089
1610,0,0.0013541031923644089
1611,0,0.00473609435919771
1612,0,0.0013541031923644089
1613,0,0.0013541031923644089
1614,0,0.0013541031923644089
1615,0,0.0013541031923644089
1616,1,0.9990586380118426
1617,1,0.7531929415267726
1618,0,0.0013541031923644089
1619,0,0.0013541031923644089
1620,1,0.9967041018977133
1621,0,0.0013541031923644089
1622,0,0.0013541031923644089
1623,0,0.0013541031923644089
1624,1,0.9990586380118426
1625,0,0.0013541031923644089
1626,0,0.00473609435919771
1627,0,0.0013541031923644089
1628,1,0.9990586380118426
1629,1,0.9990586380118426
1630,0,0.0013541031923644089
1631,1,0.9990586380118426
1632,1,0.9990586380118426
1633,0,0.0013541031923644089
1634,0,0.0013541031923644089
1635,1,0.9990586380118426
1636,1,0.9923073821462893
1637,0,0.0013541031923644089
1638,0,0.0013541031923644089
1639,0,0.0013541031923644089
1640,0,0.0013541031923644089
1641,0,0.0013541031923644089
1642,1,0.9990586380118426
1643,0,0.0013541031923644089
1644,0,0.0013541031923644089
1645,1,0.9990586380118426
1646,0,0.0013541031923644089
1647,0,0.0013541031923644089
1648,0,0.0013541031923644089
1649,1,0.996927849981777
1650,0,0.0013541031923644089
1651,1,0.9990586380118426
1652,0,0.0013541031923644089
1653,0,0.00473609435919771
1654,0,0.0013541031923644089
1655,0,0.0013541031923644089
1656,0,0.0013541031923644089
1657,1,0.9990586380118426
1658,0,0.0013541031923644089
1659,0,0.0013541031923644089
1660,0,0.0013541031923644089
1661,0,0.0013541031923644089
1662,0,0.0013541031923644089
1663,0,0.0013541031923644089
1664,0,0.0013541031923644089
1665,0,0.0013541031923644089
1666,0,0.0013541031923644089
1667,0,0.0013541031923644089
1668,1,0.9990586380118426
1669,1,0.9990586380118426
1670,0,0.0013541031923644089
1671,0,0.0013541031923644089
1672,0,0.0013541031923644089
1673,0,0.0013541031923644089
1674,0,0.0013541031923644089
1675,1,0.91460309176294
1676,1,0.9990586380118426
1677,0,0.0013541031923644089
1678,0,0.0013541031923644089
1679,0,0.0013541031923644089
1680,0,0.0013541031923644089
1681,0,0.0013541031923644089
1682,0,0.0013541031923644089
1683,0,0.0013541031923644089
1684,0,0.0013541031923644089
1685,0,0.0013541031923644089
1686,0,0.0013541031923644089
1687,1,0.9990586380118426
1688,0,0.0013541031923644089
1689,0,0.0013541031923644089
1690,0,0.004415008996783617
1691,0,0.0013541031923644089
1692,1,0.9990586380118426
1693,0,0.0013541031923644089
1694,1,0.9990586380118426
1695,0,0.0013541031923644089
1696,1,0.9990586380118426
1697,0,0.0013541031923644089
1698,1,0.9990586380118426
1699,1,0.9990586380118426
1700,0,0.0013541031923644089
1701,0,0.0013541031923644089
1702,0,0.0013541031923644089
1703,0,0.0013541031923644089
1704,0,0.0013541031923644089
1705,1,0.9990586380118426
1706,0,0.0013541031923644089
1707,1,0.9990586380118426
1708,0,0.0013541031923644089
1709,0,0.0013541031923644089
1710,0,0.0013541031923644089
1711,0,0.0013541031923644089
1712,0,0.0013541031923644089
1713,0,0.0013541031923644089
1714,0,0.0013541031923644089
1715,1,0.9735142603269309
1716,0,0.0013541031923644089
1717,1,0.9990586380118426
1718,0,0.0013541031923644089
1719,0,0.0013541031923644089
1720,0,0.0013541031923644089
1721,1,0.9990586380118426
1722,1,0.9990586380118426
1723,1,0.9990586380118426
1724,1,0.9990586380118426
1725,1,0.9735142603269309
1726,0,0.0013541031923644089
1727,0,0.0013541031923644089
1728,0,0.0013541031923644089
1729,0,0.0013541031923644089
1730,0,0.0013541031923644089
1731,0,0.0013541031923644089
1732,1,0.9990586380118426
1733,0,0.0013541031923644089
1734,0,0.0013541031923644089
1735,0,0.0013541031923644089
1736,1,0.9990586380118426
1737,0,0.0013541031923644089
1738,1,0.9990586380118426
1739,0,0.0013541031923644089
1740,0,0.0013541031923644089
1741,0,0.0013541031923644089
1742,0,0.0013541031923644089
1743,0,0.0013541031923644089
1744,0,0.0013541031923644089
1745,0,0.0013541031923644089
1746,0,0.0013541031923644089
1747,0,0.0013541031923644089
1748,0,0.004415008996783617
1749,0,0.0013541031923644089
1750,0,0.0013541031923644089
1751,0,0.0013541031923644089
1752,1,0.9990586380118426
1753,0,0.0013541031923644089
1754,1,0.9089312534137471
1755,0,0.0013541031923644089
1756,1,0.9990586380118426
1757,0,0.0013541031923644089
1758,1,0.9990586380118426
1759,1,0.9990586380118426
1760,0,0.011829414782175173
1761,0,0.0013541031923644089
1762,1,0.9967041018977133
1763,0,0.0013541031923644089
1764,0,0.050703360211789006
1765,0,0.0013541031923644089
1766,0,0.0013541031923644089
1767,0,0.0013541031923644089
1768,1,0.9990586380118426
1769,0,0.0013541031923644089
1770,0,0.0013541031923644089
1771,0,0.0013541031923644089
1772,0,0.0013541031923644089
1773,0,0.0013541031923644089
1774,0,0.0013541031923644089
1775,0,0.0013541031923644089
1776,0,0.0013541031923644089
1777,0,0.0013541031923644089
1778,0,0.0013541031923644089
1779,0,0.0013541031923644089
1780,0,0.0013541031923644089
1781,0,0.0013541031923644089
1782,0,0.0013541031923644089
1783,1,0.9990586380118426
1784,1,0.9990586380118426
1785,0,0.0033994652141653542
1786,0,0.0013541031923644089
1787,1,0.9990586380118426
1788,0,0.0013541031923644089
1789,0,0.0013541031923644089
1790,0,0.0013541031923644089
1791,0,0.0013541031923644089
1792,1,0.9990586380118426
1793,0,0.0033994652141653542
1794,0,0.0013541031923644089
1795,0,0.0013541031923644089
1796,0,0.0033994652141653542
1797,0,0.0013541031923644089
1798,1,0.9990586380118426
1799,0,0.0013541031923644089
1800,0,0.0013541031923644089
1801,0,0.0013541031923644089
1802,0,0.0013541031923644089
1803,0,0.0013541031923644089
1804,1,0.9976352419825688
1805,0,0.0013541031923644089
1806,1,0.9990586380118426
1807,0,0.0013541031923644089
1808,0,0.0013541031923644089
1809,1,0.9990586380118426
1810,0,0.0013541031923644089
1811,0,0.0013541031923644089
1812,0,0.004415008996783617
1813,0,0.0013541031923644089
1814,0,0.0013541031923644089
1815,0,0.0013541031923644089
1816,0,0.0013541031923644089
1817,0,0.0013541031923644089
1818,1,0.9990586380118426
1819,0,0.0013541031923644089
1820,1,0.9990586380118426
1821,1,0.9990586380118426
1822,0,0.0013541031923644089
1823,0,0.0013541031923644089
1824,0,0.0013541031923644089
1825,0,0.0013541031923644089
1826,0,0.0013541031923644089
1827,0,0.0013541031923644089
1828,0,0.0013541031923644089
1829,0,0.0013541031923644089
1830,1,0.9990586380118426
1831,1,0.9990586380118426
1832,0,0.0013541031923644089
1833,0,0.0013541031923644089
1834,0,0.0013541031923644089
1835,0,0.0013541031923644089
1836,0,0.0013541031923644089
1837,0,0.0013541031923644089
1838,1,0.9990586380118426
1839,0,0.0013541031923644089
1840,1,0.9990586380118426
1841,1,0.9990586380118426
1842,1,0.9990586380118426
1843,0,0.0013541031923644089
1844,0,0.0013541031923644089
1845,0,0.0013541031923644089
1846,0,0.0013541031923644089
1847,0,0.0013541031923644089
1848,0,0.0013541031923644089
1849,1,0.9990586380118426
1850,0,0.0013541031923644089
1851,0,0.0013541031923644089
1852,0,0.0013541031923644089
1853,0,0.0013541031923644089
1854,0,0.0013541031923644089
1855,1,0.9990586380118426
1856,0,0.0013541031923644089
1857,0,0.0013541031923644089
1858,0,0.0013541031923644089
1859,1,0.9990586380118426
1860,1,0.9990586380118426
1861,1,0.9923073821462893
1862,0,0.00473609435919771
1863,1,0.9990586380118426
1864,0,0.0013541031923644089
1865,0,0.0013541031923644089
1866,0,0.0013541031923644089
1867,0,0.0013541031923644089
1868,0,0.0013541031923644089
1869,0,0.0013541031923644089
1870,0,0.0013541031923644089
1871,0,0.0013541031923644089
1872,1,0.9990586380118426
1873,1,0.9990586380118426
1874,0,0.0013541031923644089
1875,1,0.9990586380118426
1876,0,0.0013541031923644089
1877,1,0.7531929415267726
1878,1,0.9990586380118426
1879,1,0.9990586380118426
1880,0,0.0013541031923644089
1881,0,0.0013541031923644089
1882,1,0.9990586380118426
1883,0,0.00473609435919771
1884,0,0.0013541031923644089
1885,0,0.0013541031923644089
1886,0,0.0013541031923644089
1887,0,0.0013541031923644089
1888,0,0.0013541031923644089
1889,0,0.0013541031923644089
1890,0,0.0013541031923644089
1891,1,0.9990586380118426
1892,0,0.0013541031923644089
1893,0,0.0013541031923644089
1894,1,0.9990586380118426
1895,0,0.004415008996783617
1896,0,0.0013541031923644089
1897,0,0.0013541031923644089
1898,0,0.0013541031923644089
1899,1,0.9967041018977133
1900,0,0.050703360211789006
1901,0,0.0013541031923644089
1902,0,0.0013541031923644089
1903,0,0.0013541031923644089
1904,1,0.9990586380118426
1905,0,0.0013541031923644089
1906,1,0.9990586380118426
1907,0,0.0013541031923644089
1908,0,0.0013541031923644089
1909,0,0.0013541031923644089
1910,0,0.0013541031923644089
1911,0,0.0013541031923644089
1912,0,0.0013541031923644089
1913,1,0.9990586380118426
1914,1,0.9990586380118426
1915,1,0.9990586380118426
1916,0,0.0013541031923644089
1917,0,0.0013541031923644089
1918,0,0.0013541031923644089
1919,0,0.0013541031923644089
1920,1,0.9990586380118426
1921,0,0.0013541031923644089
1922,0,0.0013541031923644089
1923,0,0.0013541031923644089
1924,1,0.9990586380118426
1925,0,0.0013541031923644089
1926,1,0.9990586380118426
1927,1,0.9990586380118426
1928,0,0.0013541031923644089
1929,1,0.9990586380118426
1930,1,0.9990586380118426
1931,1,0.9990586380118426
1932,0,0.0013541031923644089
1933,0,0.0013541031923644089
1934,0,0.0013541031923644089
1935,0,0.0013541031923644089
1936,0,0.0013541031923644089
1937,0,0.0013541031923644089
1938,0,0.0013541031923644089
1939,0,0.0013541031923644089
1940,0,0.0013541031923644089
1941,0,0.0013541031923644089
1942,0,0.0013541031923644089
1943,0,0.0013541031923644089
1944,0,0.0013541031923644089
1945,0,0.0013541031923644089
1946,0,0.0013541031923644089
1947,1,0.9990586380118426
1948,0,0.0013541031923644089
1949,1,0.9990586380118426
1950,0,0.0013541031923644089
1951,0,0.0013541031923644089
1952,0,0.0013541031923644089
1953,0,0.0013541031923644089
1954,1,0.9990586380118426
1955,0,0.0013541031923644089
1956,1,0.9990586380118426
1957,0,0.0013541031923644089
1958,0,0.0013541031923644089
1959,1,0.9990586380118426
1960,0,0.0013541031923644089
1961,0,0.0013541031923644089
1962,0,0.0013541031923644089
1963,0,0.0013541031923644089
1964,1,0.9990586380118426
1965,0,0.0013541031923644089
1966,0,0.0013541031923644089
1967,0,0.0013541031923644089
1968,0,0.0013541031923644089
1969,0,0.0013541031923644089
1970,0,0.0013541031923644089
1971,0,0.0013541031923644089
1972,0,0.0013541031923644089
1973,0,0.0013541031923644089
1974,0,0.0013541031923644089
1975,1,0.9990586380118426
1976,0,0.0013541031923644089
1977,0,0.0013541031923644089
1978,0,0.0013541031923644089
1979,0,0.0013541031923644089
1980,0,0.0013541031923644089
1981,0,0.0013541031923644089
1982,0,0.0013541031923644089
1983,0,0.0013541031923644089
1984,0,0.0013541031923644089
1985,0,0.0013541031923644089
1986,0,0.0013541031923644089
1987,0,0.0013541031923644089
1988,0,0.0013541031923644089
1989,1,0.9990586380118426
1990,1,0.9990586380118426
1991,0,0.0013541031923644089
1992,0,0.0013541031923644089
1993,0,0.0013541031923644089
1994,1,0.9990586380118426
1995,0,0.0013541031923644089
1996,1,0.9735142603269309
1997,1,0.9990586380118426
1998,0,0.0013541031923644089
1999,0,0.0013541031923644089
